neighbourhood,area,rooms,parking,bathrooms,price,lat_value,lon_value,has_multiple_parking_spaces
Jardim Esplanada,124.77,4,3,3,1090000.0,-23.1979166,-45.9113619,1
Palmeiras de São José,124.52,2,0,2,335000.0,-23.2502173,-45.9170663,0
Jardim Oswaldo Cruz,124.65,3,2,3,590000.0,-23.2012499,-45.8834841,1
Parque Residencial Flamboyant,124.97,2,1,2,300000.0,-23.214223,-45.851209,0
Vila Ema,124.15,2,2,2,848500.0,-23.2038811,-45.9021055,1
Parque Industrial,124.96,2,1,2,515000.0,-23.2267306,-45.9036805,0
Jardim América,124.01,2,1,2,300000.0,-23.2319718,-45.8942925,0
Jardim das Colinas,124.72,3,4,5,3500000.0,-23.2082214,-45.9083253,1
Jardim das Colinas,124.51,4,3,5,2700000.0,-23.2034236,-45.9105214,1
Altos do Esplanada,124.07,3,3,5,2160000.0,-23.2127421,-45.9069145,1
Jardim Augusta,124.45,2,2,2,365000.0,-23.1966424,-45.8804728,1
Conjunto Residencial Trinta e Um de Março,124.68,3,2,2,860000.0,-23.2461706,-45.9154222,1
Jardim Portugal,124.5,3,1,2,459900.0,-23.258028,-45.881022,0
Cidade Vista Verde,124.86,3,2,2,372341.0,-23.1767396,-45.8279302,1
Monte Castelo,124.32,2,1,2,380000.0,-23.1417569,-45.7825794,0
Vila São Benedito,124.21,2,1,1,285000.0,-23.1959281,-45.8649342,0
Jardim Augusta,124.77,2,2,2,385000.0,-23.1966424,-45.8804728,1
Jardim América,124.86,3,1,2,488000.0,-23.2380792,-45.9010799,0
Vila Ema,124.74,3,3,5,1600000.0,-23.2057437,-45.9034166,1
Parque Residencial Aquarius,124.88,2,2,3,1700000.0,-23.2190993,-45.9082337,1
Floradas de São José,124.94,2,1,2,400000.0,-23.2210113,-45.8861064,0
Jardim Anhembi,124.33,2,1,2,425000.0,-23.2216165,-45.8990302,0
Vila Maria,124.18,2,1,2,369430.0,-23.1780209,-45.8803006,0
Monte Castelo,124.57,2,1,2,520000.0,-23.1417569,-45.7825794,0
Jardim das Indústrias,124.04,3,3,4,1350000.0,-23.2327074,-45.9275569,1
Conjunto Residencial Trinta e Um de Março,124.87,2,1,2,550000.0,-23.2534054,-45.9166353,0
Jardim San Marino,124.3,2,1,2,417000.0,-23.2285629,-45.8969811,0
Jardim Minas Gerais,125.0,2,1,1,190000.0,-23.1524341,-45.9119804,0
Jardim América,124.46,2,1,2,427000.0,-23.2307302,-45.8975618,0
Parque Residencial Aquarius,124.87,1,2,2,980000.0,-23.2157422,-45.9060993,1
Monte Castelo,124.51,2,1,1,285000.0,-23.1775485,-45.8397078,0
Jardim Satélite,124.17,3,2,2,435000.0,-23.2629313,-45.8910605,1
Parque Industrial,124.21,2,1,2,410000.0,-23.2501304,-45.9122459,0
Vila Ema,124.37,4,2,5,1350000.0,-23.2058824,-45.9025149,1
Vila Ema,124.28,3,2,3,1200000.0,-23.2071612,-45.9009565,1
Floradas de São José,124.74,3,1,2,475000.0,-23.2213004,-45.8883248,0
Monte Castelo,124.1,2,2,2,320000.0,-23.1872533,-45.8692293,1
Jardim Rodolfo,124.59,2,1,1,337710.0,-23.1755961,-45.813336,0
Jardim Sul,124.67,2,1,1,270000.0,-23.2505639,-45.8914715,0
Cidade Morumbi,124.72,3,1,1,320000.0,-23.2522323,-45.89789,0
Jardim Topázio,124.53,2,1,1,298500.0,-23.1961965,-45.8841151,0
Jardim Vale do Sol,124.77,2,1,2,467000.0,-23.2563576,-45.9119822,0
Jardim Portugal,124.03,3,2,2,459900.0,-23.2568922,-45.8853581,1
Vila Ema,124.89,3,3,4,1965000.0,-23.2057437,-45.9034166,1
Vila Ema,124.12,2,2,3,1500000.0,-23.2092982,-45.9032947,1
Parque Residencial Aquarius,124.79,1,1,1,680000.0,-23.2190226,-45.908767,0
Vila Tatetuba,124.6,2,1,1,220000.0,-23.1853312,-45.8543047,0
Jardim dos Bandeirantes,124.86,2,1,1,255000.0,-23.2859372,-45.9006658,0
Cidade Morumbi,124.18,2,1,1,285000.0,-23.2434773,-45.9058528,0
Jardim Satélite,124.08,2,1,2,447000.0,-23.2629313,-45.8910605,0
Jardim Satélite,124.25,2,1,1,355000.0,-23.2227325,-45.8949678,0
Jardim Terras do Sul,124.26,2,1,1,280000.0,-23.2466231,-45.8948605,0
Jardim das Indústrias,124.03,2,2,2,479000.0,-23.2292595,-45.9159415,1
Jardim Esplanada,124.52,3,2,4,1350000.0,-23.1979166,-45.9113619,1
Jardim das Indústrias,125.0,4,3,3,1400000.0,-23.2327074,-45.9275569,1
Centro,124.58,2,1,2,430000.0,-23.1909379,-45.886436,0
Parque Residencial Aquarius,124.05,2,2,1,823485.0,-23.2153165,-45.9095676,1
Jardim Ismênia,124.42,2,1,1,267000.0,-23.1768395,-45.851599,0
Cidade Vista Verde,124.34,2,1,1,300000.0,-23.1767396,-45.8279302,0
Jardim América,124.1,2,1,2,360000.0,-23.2308616,-45.8942314,0
Palmeiras de São José,124.85,2,1,1,300000.0,-23.2400181,-45.9134951,0
Vila Betânia,124.52,1,1,1,320000.0,-23.2052682,-45.8881552,0
Jardim Portugal,124.33,4,2,3,867000.0,-23.2629313,-45.8910605,1
Parque Industrial,124.59,2,1,2,600000.0,-23.2267306,-45.9036805,0
Parque Residencial Aquarius,124.74,3,1,2,723000.0,-23.2154269,-45.908121,0
Jardim das Colinas,124.45,4,3,5,2600000.0,-23.2082214,-45.9083253,1
Jardim Uirá,124.89,2,1,2,415000.0,-23.2112762,-45.8525394,0
Jardim Satélite,124.51,3,2,2,435000.0,-23.2629313,-45.8910605,1
Bosque dos Eucaliptos,124.23,3,2,2,500000.0,-23.2629313,-45.8910605,1
Parque Residencial Aquarius,124.75,3,2,3,1450000.0,-23.2221126,-45.9095335,1
Jardim Apolo I,124.92,1,1,1,237414.0,-23.1956647,-45.8937347,0
Jardim Oriente,124.69,2,1,1,400000.0,-23.2402544,-45.8933781,0
Condomínio Residencial Colinas do Paratehy,124.35,2,1,2,450000.0,-23.1827844,-45.9503959,0
Parque Residencial Flamboyant,124.53,2,1,2,372000.0,-23.218442,-45.850115,0
Parque Industrial,124.74,2,1,2,600000.0,-23.2267306,-45.9036805,0
Parque Industrial,124.3,2,1,2,515000.0,-22.8927416,-45.3786132,0
Jardim Satélite,124.54,3,2,2,478750.0,-23.2629313,-45.8910605,1
Vila Ema,124.26,3,2,5,1540000.0,-23.2071612,-45.9009565,1
Vila Ema,124.79,3,2,3,1199000.0,-23.2071612,-45.9009565,1
Jardim América,124.12,3,2,2,580000.0,-23.2265205,-45.8968879,1
Palmeiras de São José,124.17,2,2,2,605000.0,-23.2351577,-45.9140475,1
Jardim América,124.97,2,1,2,440000.0,-23.2307302,-45.8975618,0
Jardim das Indústrias,124.41,2,1,2,427078.0,-23.2341234,-45.9256624,0
Conjunto Residencial Trinta e Um de Março,124.71,2,1,2,398000.0,-23.2502173,-45.9170663,0
Jardim Apolo I,124.81,1,1,1,237414.0,-23.1956647,-45.8937347,0
Conjunto Residencial Trinta e Um de Março,124.6,2,2,2,450000.0,-23.2436303,-45.9132175,1
Vila Ema,124.18,2,1,2,950000.0,-23.2092982,-45.9032947,0
Vila Adyana,124.44,4,3,5,3180000.0,-23.2002824,-45.8940021,1
Jardim América,124.33,2,1,2,395500.0,-23.2340199,-45.90173,0
Jardim América,124.21,2,1,2,360000.0,-23.2308616,-45.8942314,0
Loteamento Terra Brasilis,124.01,2,1,1,250000.0,-23.2456094,-45.824975,0
Conjunto Residencial Trinta e Um de Março,124.34,2,1,1,265000.0,-23.2349354,-45.9160047,0
Condomínio Residencial Colinas do Paratehy,124.9,3,2,3,439446.0,-23.1841579,-45.9547335,1
Vila Ema,124.68,4,3,5,1700000.0,-23.2071612,-45.9009565,1
Jardim das Indústrias,124.42,2,1,1,385000.0,-23.2341234,-45.9256624,0
Vila Ema,124.41,4,2,4,1250000.0,-23.2071612,-45.9009565,1
Jardim das Paineiras I,124.05,2,1,1,265000.0,-23.2082751,-45.7837267,0
Jardim Uirá,124.83,2,1,2,415000.0,-23.2112762,-45.8525394,0
Parque Residencial Flamboyant,124.68,2,1,2,375000.0,-23.218442,-45.850115,0
Conjunto Residencial Trinta e Um de Março,124.95,2,1,1,298000.0,-23.2349354,-45.9160047,0
Parque Industrial,124.49,3,2,2,550000.0,-23.2311239,-45.9066157,1
Jardim Apolo I,124.93,1,1,1,237414.0,-23.1956647,-45.8937347,0
Parque Residencial Aquarius,124.67,4,2,3,910000.0,-23.2206945,-45.9101028,1
Jardim Ismênia,124.61,2,1,1,267000.0,-23.1768395,-45.851599,0
Vila Adyana,124.26,2,1,1,400000.0,-23.2029298,-45.8920947,0
Parque Industrial,124.02,2,1,2,600000.0,-23.2267306,-45.9036805,0
Bosque dos Eucaliptos,124.79,2,1,2,425000.0,-23.2453203,-45.8879353,0
Parque Industrial,124.66,2,1,2,475000.0,-23.2388871,-45.9070677,0
Jardim das Indústrias,124.59,2,2,3,890000.0,-23.2341234,-45.9256624,1
Cidade Morumbi,124.28,2,1,1,260000.0,-23.2434773,-45.9058528,0
Parque Residencial Aquarius,124.05,3,2,3,950000.0,-23.2153165,-45.9095676,1
Parque Residencial Aquarius,124.61,3,2,3,780000.0,-23.2131162,-45.9078311,1
Jardim das Indústrias,124.1,2,1,1,390000.0,-23.2341234,-45.9256624,0
Jardim das Indústrias,124.85,4,2,4,1170000.0,-23.2341234,-45.9256624,1
Condomínio Residencial Colinas do Paratehy,124.15,2,1,2,385000.0,-23.1843507,-45.9497004,0
Jardim das Colinas,124.42,4,3,6,3400000.0,-23.2082214,-45.9083253,1
Jardim Esplanada,124.87,3,2,3,890000.0,-23.1970039,-45.9084535,1
Vila Adyana,124.08,2,2,2,990000.0,-23.1982391,-45.8931441,1
Jardim São Dimas,124.48,3,1,2,415000.0,-23.1955825,-45.8890806,0
Centro,124.45,3,2,1,430000.0,-23.1909379,-45.886436,1
Parque Residencial Aquarius,124.57,3,2,2,760000.0,-23.2190226,-45.908767,1
Jardim Esplanada,124.94,1,3,1,423153.0,-23.1979166,-45.9113619,1
Jardim das Indústrias,124.65,2,2,2,740000.0,-23.2341234,-45.9256624,1
Parque Residencial Aquarius,124.85,2,2,2,695000.0,-23.2168256,-45.904412,1
Palmeiras de São José,124.5,3,1,2,570000.0,-23.2351577,-45.9140475,0
Urbanova VI,124.18,2,1,2,479000.0,-23.2028942,-45.950933,0
Condomínio Royal Park,124.34,2,2,1,900000.0,-23.2228195,-45.9104962,1
Parque Residencial Flamboyant,124.74,2,1,1,230000.0,-23.2165405,-45.8512413,0
Jardim São Judas Tadeu,124.69,2,1,1,202000.0,-23.256849,-45.8316624,0
Jardim América,124.51,2,1,2,340000.0,-23.2499985,-45.9083387,0
Conjunto Residencial Trinta e Um de Março,124.41,2,1,2,437000.0,-23.2502173,-45.9170663,0
Monte Castelo,124.65,3,1,2,372000.0,-23.1775485,-45.8397078,0
Parque Residencial Aquarius,124.99,3,2,3,1100000.0,-23.2151853,-45.9090412,1
Vila Sanches,124.57,2,1,2,490000.0,-23.2041152,-45.8853984,0
Jardim Oriente,124.35,2,1,2,385000.0,-23.2402544,-45.8933781,0
Vila Betânia,124.94,1,1,1,320000.0,-23.2052682,-45.8881552,0
Parque Residencial Aquarius,124.93,4,3,6,1700000.0,-23.2151853,-45.9090412,1
Floradas de São José,124.57,3,1,1,560000.0,-23.2200575,-45.8896572,0
Jardim São Dimas,124.48,3,1,2,520000.0,-23.2043397,-45.8882488,0
Jardim Oriente,124.44,2,1,2,390000.0,-23.2432353,-45.8932115,0
Bosque dos Eucaliptos,124.77,4,2,3,640000.0,-23.2629313,-45.8910605,1
Jardim América,124.57,2,2,2,480000.0,-23.2308616,-45.8942314,1
Jardim das Colinas,124.64,1,1,1,420000.0,-23.1985042,-45.9128647,0
Bosque dos Eucaliptos,124.97,3,2,3,520000.0,-23.2629313,-45.8910605,1
Parque Residencial Aquarius,124.25,3,2,3,1750000.0,-23.2221126,-45.9095335,1
Parque Residencial Aquarius,124.81,4,3,6,1400000.0,-23.2151853,-45.9090412,1
Vila Cardoso,124.01,3,2,2,658000.0,-23.1946478,-45.8805902,1
Palmeiras de São José,124.26,2,0,2,335000.0,-23.2502173,-45.9170663,0
Parque Residencial Aquarius,124.91,3,2,2,850000.0,-23.2131162,-45.9078311,1
Parque Residencial Aquarius,124.37,3,2,3,780000.0,-23.2131162,-45.9078311,1
Jardim das Indústrias,124.15,2,1,1,390000.0,-23.2341234,-45.9256624,0
Jardim das Indústrias,124.64,4,2,4,1170000.0,-23.2341234,-45.9256624,1
Condomínio Residencial Colinas do Paratehy,124.83,2,1,2,385000.0,-23.1843507,-45.9497004,0
Jardim das Colinas,124.2,4,3,6,3400000.0,-23.2082214,-45.9083253,1
Jardim América,124.25,2,1,2,340000.0,-23.2380792,-45.9010799,0
Jardim Oswaldo Cruz,124.84,2,2,2,750000.0,-23.2008318,-45.8830378,1
Bosque dos Eucaliptos,124.25,2,1,1,245000.0,-23.2645046,-45.8897409,0
Jardim das Indústrias,124.62,2,2,2,740000.0,-23.2341234,-45.9256624,1
Jardim América,124.25,2,1,2,410000.0,-23.2380792,-45.9010799,0
Bosque dos Eucaliptos,124.75,4,2,3,615000.0,-23.2629313,-45.8910605,1
Jardim das Indústrias,124.3,3,2,4,1600000.0,-23.2327074,-45.9275569,1
Jardim das Colinas,124.28,4,3,5,2700000.0,-23.2034236,-45.9105214,1
Jardim América,124.77,3,1,2,650000.0,-23.2308616,-45.8942314,0
Jardim San Marino,124.03,2,1,2,450000.0,-23.2285629,-45.8969811,0
Vila Iracema,124.46,2,1,1,255000.0,-23.2505934,-45.8275902,0
Jardim Satélite,124.54,2,2,1,487000.0,-23.2202195,-45.8937188,1
Conjunto Residencial Trinta e Um de Março,124.54,3,2,2,795000.0,-23.2534054,-45.9166353,1
Jardim Uirá,124.17,3,2,2,430000.0,-23.2105138,-45.8514249,1
Palmeiras de São José,124.58,2,1,2,553000.0,-23.2400181,-45.9134951,0
Parque Residencial Flamboyant,124.9,2,1,1,235000.0,-23.2165405,-45.8512413,0
Vila Industrial,124.94,2,1,2,405000.0,-23.177608,-45.859793,0
Floradas de São José,124.48,4,2,3,692000.0,-23.2210113,-45.8861064,1
Vila Sanches,124.91,2,1,2,440000.0,-23.2041152,-45.8853984,0
Floradas de São José,124.83,3,2,3,975200.0,-23.2198567,-45.8913555,1
Parque Industrial,124.74,4,2,3,794900.0,-23.2534054,-45.9166353,1
Jardim América,124.35,2,1,2,450000.0,-23.2307302,-45.8975618,0
Floradas de São José,124.21,3,1,1,410000.0,-23.2200324,-45.8872035,0
Jardim Esplanada,124.06,2,1,1,435000.0,-23.202293,-45.906894,0
Parque Residencial Aquarius,124.84,3,2,3,1170000.0,-23.2153165,-45.9095676,1
Parque Residencial Aquarius,124.55,3,2,2,796900.0,-23.2221126,-45.9095335,1
Jardim Sul,124.81,2,2,2,490000.0,-23.2487836,-45.8925307,1
Parque Residencial Aquarius,124.3,2,2,2,827000.0,-23.2190226,-45.908767,1
Jardim Alvorada,124.06,3,2,2,915000.0,-23.2153165,-45.9095676,1
Altos do Esplanada,124.89,3,3,4,2150000.0,-23.2127421,-45.9069145,1
Residencial Frei Galvão,124.53,2,1,1,190000.0,-23.1698499,-45.7893012,0
Jardim Alvorada,124.67,3,2,2,915100.0,-23.2153165,-45.9095676,1
Jardim Santa Madalena,124.86,2,2,2,798000.0,-23.2043732,-45.8959331,1
Vila Ema,124.11,2,1,1,460000.0,-23.2028182,-45.9003141,0
Parque Residencial Aquarius,124.84,3,1,2,640000.0,-23.2221126,-45.9095335,0
Jardim Oriente,124.95,2,1,2,365000.0,-23.2432353,-45.8932115,0
Vila Betânia,124.0,3,2,3,680000.0,-23.2052682,-45.8881552,1
Conjunto Residencial Trinta e Um de Março,124.97,2,1,2,475000.0,-23.2534054,-45.9166353,0
Bosque dos Eucaliptos,124.03,2,1,2,390000.0,-23.2473088,-45.8854256,0
Jardim Topázio,124.82,2,1,1,350000.0,-23.1961965,-45.8841151,0
Jardim das Indústrias,124.96,2,2,3,960000.0,-23.2341234,-45.9256624,1
Jardim Esplanada II,124.27,3,2,3,1700000.0,-23.2082214,-45.9083253,1
Bosque dos Eucaliptos,124.5,3,1,2,300000.0,-23.2514089,-45.8898838,0
Monte Castelo,124.74,3,1,2,510000.0,-23.1417569,-45.7825794,0
Jardim Esplanada II,124.65,3,2,4,2050000.0,-23.2082214,-45.9083253,1
Jardim das Indústrias,124.31,2,1,1,380000.0,-23.2341234,-45.9256624,0
Jardim Satélite,124.19,3,2,2,698000.0,-23.2281635,-45.8793978,1
Bosque dos Eucaliptos,124.46,3,2,2,795000.0,-23.2629313,-45.8910605,1
Parque Residencial Aquarius,124.52,4,2,3,765000.0,-23.2205233,-45.9051222,1
Jardim São Dimas,124.54,1,0,1,340000.0,-23.2034889,-45.8845846,0
Centro,124.7,2,1,1,420000.0,-23.1903996,-45.8891452,0
Parque Residencial Aquarius,124.1,3,2,3,1100000.0,-23.2151853,-45.9090412,1
Jardim América,124.42,2,1,1,371000.0,-23.2319718,-45.8942925,0
Jardim América,124.31,2,1,2,395000.0,-23.2499985,-45.9083387,0
Bosque dos Eucaliptos,124.82,4,2,3,615000.0,-23.2629313,-45.8910605,1
Vila Betânia,124.2,1,1,1,320000.0,-23.2052682,-45.8881552,0
Vila Tatetuba,124.7,3,1,2,470000.0,-23.1853312,-45.8543047,0
Jardim Santa Madalena,124.47,2,2,2,790000.0,-23.2043732,-45.8959331,1
Jardim Satélite,124.18,2,2,2,600000.0,-23.2629313,-45.8910605,1
Conjunto Residencial Trinta e Um de Março,124.62,3,1,2,398000.0,-23.2534054,-45.9166353,0
Jardim Satélite,124.09,2,2,2,600000.0,-23.2629313,-45.8910605,1
Altos do Esplanada,124.89,2,2,1,750000.0,-23.2127421,-45.9069145,1
Loteamento Residencial Vista Linda,124.41,3,2,2,385000.0,-23.1774234,-45.8623515,1
Condomínio Royal Park,124.05,3,2,3,1150000.0,-23.2228195,-45.9104962,1
Jardim Apolo,124.54,2,2,2,850000.0,-23.1956647,-45.8937347,1
Parque Residencial Aquarius,124.03,3,2,3,798000.0,-23.2190226,-45.908767,1
Parque Residencial Aquarius,124.13,3,2,2,750000.0,-23.2166401,-45.907289,1
Floradas de São José,124.55,3,1,2,480000.0,-23.2210113,-45.8861064,0
Parque Industrial,124.48,2,1,1,375000.0,-22.8927416,-45.3786132,0
Vila Betânia,124.48,4,2,3,640000.0,-23.2052682,-45.8881552,1
Loteamento Urbanova II,124.59,2,1,2,585999.0,-23.2013346,-45.9462429,0
Jardim das Colinas,124.65,3,4,5,3500000.0,-23.2082214,-45.9083253,1
Jardim Apolo I,124.86,2,2,2,955000.0,-23.1956647,-45.8937347,1
Parque Residencial Aquarius,124.74,3,2,3,1600000.0,-23.2221126,-45.9095335,1
Bosque dos Eucaliptos,124.38,3,2,2,780000.0,-23.2629313,-45.8910605,1
Condomínio Residencial Colinas do Paratehy,124.32,2,1,2,424000.0,-23.1827844,-45.9503959,0
Parque Industrial,124.8,2,1,2,552914.0,-23.2311239,-45.9066157,0
Jardim Esplanada,124.81,1,1,1,420300.0,-23.1979166,-45.9113619,0
Monte Castelo,124.85,3,2,2,550000.0,-23.1417569,-45.7825794,1
Vila Sanches,124.05,2,1,2,487600.0,-23.2041152,-45.8853984,0
Vila Ema,124.92,2,2,3,922000.0,-23.2049539,-45.9015195,1
Urbanova,124.53,4,4,4,1434200.0,-23.1987975,-45.9352675,1
Condomínio Royal Park,124.97,3,2,3,1390000.0,-23.2228195,-45.9104962,1
Floradas de São José,124.24,3,2,2,900000.0,-23.2198567,-45.8913555,1
Jardim Estoril,124.29,3,2,2,670000.0,-23.253497,-45.8829921,1
Conjunto Residencial Trinta e Um de Março,124.39,2,2,2,650000.0,-23.2534054,-45.9166353,1
Jardim das Colinas,124.25,1,1,1,465136.0,-23.2067366,-45.9103019,0
Vila Tatetuba,124.25,3,1,2,470000.0,-23.1853312,-45.8543047,0
Jardim das Indústrias,124.62,2,2,2,719000.0,-23.2341234,-45.9256624,1
Jardim Esplanada II,124.48,3,2,5,2360000.0,-23.2082214,-45.9083253,1
Jardim Sul,124.24,3,2,2,500000.0,-23.2505639,-45.8914715,1
Cidade Morumbi,124.11,2,1,1,275000.0,-23.2434773,-45.9058528,0
Vila Tatetuba,124.89,3,1,2,362000.0,-23.1805844,-45.8471383,0
Jardim Oriente,124.37,2,1,1,409892.0,-23.2402544,-45.8933781,0
Jardim São Dimas,124.48,3,0,2,550000.0,-23.197238,-45.8900114,0
Jardim Apolo I,124.72,2,2,2,1138836.0,-23.1956647,-45.8937347,1
Vila Guaianazes,124.67,4,3,5,1900000.0,-23.2035631,-45.8969895,1
Cidade Morumbi,124.84,2,1,1,285000.0,-23.2434773,-45.9058528,0
Parque Residencial Aquarius,124.97,2,1,2,598000.0,-23.2202839,-45.9064383,0
Jardim Petrópolis,124.24,3,2,2,477000.0,-23.2415541,-45.9145547,1
Jardim das Indústrias,124.28,2,1,1,320000.0,-23.2341234,-45.9256624,0
Jardim América,124.89,2,1,1,450000.0,-23.2308616,-45.8942314,0
Conjunto Residencial Trinta e Um de Março,124.98,2,1,2,395000.0,-23.2534054,-45.9166353,0
Jardim Oriente,124.55,2,2,2,400000.0,-23.2417591,-45.8945046,1
Jardim das Indústrias,124.59,3,3,3,1385000.0,-23.2327074,-45.9275569,1
Jardim Satélite,124.14,3,2,2,555000.0,-23.2161228,-45.8885458,1
Jardim Fátima,124.38,2,2,3,1100000.0,-23.2078926,-45.8966025,1
Loteamento Floresta,124.24,3,2,2,1437000.0,-23.2296359,-45.8246352,1
Floradas de São José,124.19,3,1,2,475000.0,-23.2213004,-45.8883248,0
Jardim Satélite,124.11,3,1,1,350000.0,-23.2233825,-45.8847575,0
Centro,124.94,3,2,4,650000.0,-23.2140071,-45.841297,1
Vila Tatetuba,124.09,3,1,2,450000.0,-23.1853312,-45.8543047,0
Jardim das Colinas,124.05,4,3,5,2332000.0,-23.2034236,-45.9105214,1
Vila Ema,124.69,3,2,3,670000.0,-23.2071612,-45.9009565,1
Parque Residencial Aquarius,124.35,2,1,1,598000.0,-23.2202839,-45.9064383,0
Vila Sanches,124.44,1,1,2,480000.0,-23.2041152,-45.8853984,0
Jardim América,124.92,2,1,2,324000.0,-23.2308616,-45.8942314,0
Jardim Satélite,124.72,2,2,2,600000.0,-23.2629313,-45.8910605,1
Vila Ema,124.34,1,2,1,750000.0,-23.2092982,-45.9032947,1
Vila Ema,124.92,1,2,2,745000.0,-23.2092982,-45.9032947,1
Jardim Oswaldo Cruz,124.15,2,1,1,380000.0,-23.1982391,-45.8827334,0
Jardim das Indústrias,124.26,3,3,3,930000.0,-23.2327074,-45.9275569,1
Jardim das Indústrias,124.51,3,2,2,545000.0,-23.2276655,-45.9184689,1
Vila Ema,124.04,2,1,1,460000.0,-23.2028182,-45.9003141,0
Parque Industrial,124.22,2,2,2,700000.0,-23.2534054,-45.9166353,1
Jardim Americano,124.61,2,1,1,245000.0,-23.1836107,-45.8043034,0
Jardim Paraíso,124.28,3,2,2,584000.0,-23.237943,-45.9011183,1
Jardim Satélite,124.68,2,1,1,360000.0,-23.2264164,-45.8945991,0
Bosque dos Eucaliptos,124.05,2,0,1,230000.0,-23.2455112,-45.8846834,0
Vila Ema,124.42,3,2,3,1199000.0,-23.2071612,-45.9009565,1
Parque Residencial Aquarius,124.53,3,3,5,1889500.0,-23.2188486,-45.9097772,1
Vila Betânia,124.89,3,2,2,670000.0,-23.2052682,-45.8881552,1
Jardim Esplanada,124.32,2,2,2,616000.0,-23.1979166,-45.9113619,1
Parque Residencial Aquarius,124.79,3,2,2,645000.0,-23.2131162,-45.9078311,1
Vila Industrial,124.49,2,1,2,421001.0,-23.177608,-45.859793,0
Condomínio Residencial Colinas do Paratehy,124.28,2,1,2,419900.0,-23.1841579,-45.9547335,0
Jardim América,124.93,3,2,3,790000.0,-23.2265205,-45.8968879,1
Bosque dos Eucaliptos,124.46,3,2,2,535000.0,-23.2629313,-45.8910605,1
Jardim São Dimas,124.14,1,1,1,320000.0,-23.2034889,-45.8845846,0
Floradas de São José,124.45,3,1,2,475000.0,-23.2213004,-45.8883248,0
Jardim das Colinas,124.93,4,3,5,2700000.0,-23.2034236,-45.9105214,1
Vila Adyana,124.55,4,3,5,3000000.0,-23.2002824,-45.8940021,1
Jardim Nova América,124.14,3,1,2,700000.0,-23.1924655,-45.8963467,0
Cidade Morumbi,124.85,3,2,2,430000.0,-23.2499985,-45.9083387,1
Jardim Portugal,124.58,3,1,2,459000.0,-23.258028,-45.881022,0
Jardim América,124.12,3,2,3,850000.0,-23.2265205,-45.8968879,1
Vila Adyana,124.66,3,1,3,1150000.0,-23.1968045,-45.8943248,0
Jardim América,124.08,3,1,2,445001.0,-23.225225,-45.8971092,0
Parque Industrial,124.65,2,1,2,390000.0,-23.2341477,-45.9050416,0
Jardim das Indústrias,124.11,3,2,2,1230000.0,-23.2341234,-45.9256624,1
Jardim Sul,124.37,2,1,1,296800.0,-23.2505639,-45.8914715,0
Jardim das Colinas,124.93,2,2,2,945780.0,-23.1985042,-45.9128647,1
Jardim América,124.45,3,1,1,769000.0,-23.2319718,-45.8942925,0
Jardim Oriente,124.01,2,1,1,369000.0,-23.2402544,-45.8933781,0
Parque Industrial,124.52,3,2,2,685000.0,-23.2267306,-45.9036805,1
Jardim América,124.47,3,1,2,599000.0,-23.2265205,-45.8968879,0
Jardim Satélite,124.95,2,1,1,360000.0,-23.2233825,-45.8847575,0
Jardim das Colinas,124.24,1,2,2,744000.0,-23.1985042,-45.9128647,1
Parque Industrial,124.83,2,2,2,550000.0,-23.2341477,-45.9050416,1
Conjunto Residencial Trinta e Um de Março,124.53,2,1,2,525000.0,-23.2534054,-45.9166353,0
Vila Ema,124.71,1,2,2,745000.0,-23.2092982,-45.9032947,1
Condomínio Royal Park,124.01,3,2,1,974460.0,-23.2228195,-45.9104962,1
Jardim Estoril,124.36,2,1,2,446000.0,-23.253497,-45.8829921,0
Floradas de São José,124.74,3,1,2,475000.0,-23.2213004,-45.8883248,0
Vila Betânia,124.17,3,2,2,725000.0,-23.2052682,-45.8881552,1
Parque Residencial Flamboyant,124.81,2,1,1,280000.0,-23.214223,-45.851209,0
Parque Residencial Aquarius,124.47,3,2,2,780000.0,-23.2221126,-45.9095335,1
Jardim Satélite,124.95,1,1,1,330000.0,-23.2223764,-45.8856605,0
Vila Adyana,124.35,4,3,5,3180000.0,-23.2002824,-45.8940021,1
Jardim Bela Vista,124.39,3,1,2,515000.0,-23.1835214,-45.8878957,0
Bosque dos Eucaliptos,124.95,4,2,2,797000.0,-23.2629313,-45.8910605,1
Bosque dos Eucaliptos,124.07,4,1,3,580000.0,-23.2455112,-45.8846834,0
Jardim América,124.5,3,1,2,585000.0,-23.2340199,-45.90173,0
Conjunto Residencial Trinta e Um de Março,124.09,2,1,2,446000.0,-23.2502173,-45.9170663,0
Parque Residencial Aquarius,124.46,3,2,3,1600000.0,-23.2221126,-45.9095335,1
Altos do Esplanada,124.04,3,3,5,2300000.0,-23.2127421,-45.9069145,1
Jardim Veneza,124.97,2,1,2,450000.0,-23.2436303,-45.9132175,0
Parque Industrial,124.92,3,2,2,590000.0,-23.2267306,-45.9036805,1
Jardim América,124.26,2,2,2,435000.0,-23.2308616,-45.8942314,1
Jardim América,124.79,2,1,1,400000.0,-23.2308616,-45.8942314,0
Parque Residencial Aquarius,124.45,4,0,3,900000.0,-23.2189526,-45.9097968,0
Vila Betânia,124.19,4,3,5,1380000.0,-23.2081295,-45.8916807,1
Parque Residencial Aquarius,124.78,1,1,2,950000.0,-23.2157422,-45.9060993,0
Jardim das Colinas,124.8,4,3,6,3058000.0,-23.2082214,-45.9083253,1
Condomínio Residencial Colinas do Paratehy,124.43,2,1,2,419900.0,-23.1841579,-45.9547335,0
Jardim Esplanada II,124.77,1,2,1,380000.0,-23.2082214,-45.9083253,1
Jardim Esplanada,124.4,2,2,1,450000.0,-23.1970039,-45.9084535,1
Centro,124.52,3,1,2,480000.0,-23.1856422,-45.8843941,0
Vila Guaianazes,124.23,3,3,3,2500000.0,-23.2035631,-45.8969895,1
Jardim Oriente,124.68,2,1,2,349900.0,-23.2402544,-45.8933781,0
Vila Adyana,124.04,2,2,2,855000.0,-23.1953887,-45.8927812,1
Jardim São José II,124.58,2,1,1,199000.0,-23.1745967,-45.7865609,0
Jardim Aparecida,124.7,2,1,1,405000.0,-23.1961965,-45.8841151,0
Jardim São Judas Tadeu,124.99,2,1,1,202000.0,-23.256849,-45.8316624,0
Vila Ema,124.83,2,2,2,570000.0,-23.2092982,-45.9032947,1
Conjunto Residencial Trinta e Um de Março,124.37,3,2,2,554036.0,-23.2534054,-45.9166353,1
Jardim das Indústrias,124.5,3,3,4,1330000.0,-23.2327074,-45.9275569,1
Jardim Esplanada,124.04,4,3,3,1090000.0,-23.1979166,-45.9113619,1
Jardim Esplanada II,124.08,4,4,4,3500000.0,-23.2082214,-45.9083253,1
Parque Industrial,124.82,2,1,2,385000.0,-23.2360898,-45.9078061,0
Vila Betânia,124.25,1,1,1,300000.0,-23.2052682,-45.8881552,0
Condomínio Residencial Colinas do Paratehy,124.89,2,1,2,426000.0,-23.1827844,-45.9503959,0
Vila Adyana,124.59,4,3,6,2800000.0,-23.2002824,-45.8940021,1
Parque Residencial Aquarius,124.66,3,2,2,723000.0,-23.2154269,-45.908121,1
Jardim Esplanada,124.62,1,1,1,430000.0,-23.1979166,-45.9113619,0
Jardim Satélite,124.16,2,1,1,320000.0,-23.2223764,-45.8856605,0
Jardim Oswaldo Cruz,124.5,3,1,2,670000.0,-23.2012499,-45.8834841,0
Jardim Satélite,124.87,2,1,1,265000.0,-23.2629313,-45.8910605,0
Parque Residencial Aquarius,124.24,4,3,6,1827000.0,-23.2151853,-45.9090412,1
Jardim Augusta,124.67,3,2,2,829000.0,-23.1976423,-45.8819124,1
Monte Castelo,124.66,3,1,2,352000.0,-23.1775485,-45.8397078,0
Jardim São Dimas,124.29,2,1,2,400000.0,-23.1954377,-45.887903,0
Vila Maria,124.37,2,1,1,349000.0,-23.1761487,-45.8788448,0
Palmeiras de São José,124.09,3,1,2,570000.0,-23.2351577,-45.9140475,0
Jardim Augusta,124.72,3,2,2,770000.0,-23.1976423,-45.8819124,1
Bosque dos Eucaliptos,124.32,3,2,3,590000.0,-23.2629313,-45.8910605,1
Jardim Oswaldo Cruz,124.39,2,2,2,450000.0,-23.1982391,-45.8827334,1
Parque Residencial Aquarius,124.89,4,2,4,1300000.0,-23.2154269,-45.908121,1
Jardim Copacabana,124.8,2,1,1,336000.0,-23.1737442,-45.8471662,0
Jardim Apolo I,124.13,3,2,3,1050000.0,-23.1956647,-45.8937347,1
Palmeiras de São José,124.07,3,1,2,539999.0,-23.2502173,-45.9170663,0
Parque Residencial Flamboyant,124.22,2,1,2,329899.0,-23.218442,-45.850115,0
Vila Ema,124.45,2,2,2,890000.0,-23.2038811,-45.9021055,1
Parque Residencial Aquarius,124.42,3,2,1,2015000.0,-23.2170569,-45.9088967,1
Jardim Oriente,124.26,2,1,1,300000.0,-23.2419875,-45.895779,0
Vila Ema,124.54,4,3,5,1397000.0,-23.2067195,-45.9024486,1
Jardim Vale do Sol,124.76,2,1,1,220000.0,-23.2572039,-45.9110891,0
Vila Betânia,124.25,3,2,2,719900.0,-23.2052682,-45.8881552,1
Parque Industrial,124.8,2,1,2,475000.0,-23.2388871,-45.9070677,0
Jardim América,124.11,2,1,1,420000.0,-23.2380792,-45.9010799,0
Floradas de São José,124.21,2,1,1,320000.0,-23.221191,-45.8893811,0
Parque Residencial Aquarius,124.14,5,5,5,1849900.0,-23.2131162,-45.9078311,1
Parque Residencial Aquarius,124.65,4,2,3,955000.0,-23.2206945,-45.9101028,1
Monte Castelo,124.88,3,1,2,320000.0,-23.185844,-45.8684832,0
Vila Ema,124.59,3,2,3,575000.0,-23.2071612,-45.9009565,1
Jardim Paraíso,124.8,3,1,2,580000.0,-23.237943,-45.9011183,0
Vila Industrial,124.41,3,1,2,380000.0,-23.1846367,-45.8600303,0
Jardim América,124.4,2,1,2,429000.0,-23.2319718,-45.8942925,0
Parque Residencial Aquarius,124.62,2,1,1,565000.0,-23.221044,-45.909243,0
Jardim Esplanada,124.74,2,2,2,587353.0,-23.1979166,-45.9113619,1
Parque Residencial Aquarius,124.29,2,2,2,765000.0,-23.2160733,-45.9093275,1
Jardim das Colinas,124.68,4,0,5,2700000.0,-23.2082214,-45.9083253,0
Bosque dos Eucaliptos,124.47,4,2,3,900000.0,-23.2629313,-45.8910605,1
Altos do Esplanada,124.41,3,3,5,2160000.0,-23.2127421,-45.9069145,1
Vila Ema,124.76,3,2,2,549999.0,-23.2092982,-45.9032947,1
Urbanova,124.76,3,2,3,1100000.0,-23.1987975,-45.9352675,1
Parque Industrial,124.85,2,1,2,450000.0,-23.2534054,-45.9166353,0
Jardim Augusta,124.57,2,2,2,599000.0,-23.1976423,-45.8819124,1
Loteamento Terra Brasilis,124.95,2,1,1,260000.0,-23.2456094,-45.824975,0
Jardim Oriente,124.08,2,50,2,369900.0,-23.2402544,-45.8933781,1
Centro,124.91,3,2,4,650000.0,-23.2140071,-45.841297,1
Urbanova,124.71,2,1,1,419900.0,-23.1947609,-45.9334296,0
Condomínio Royal Park,124.42,3,2,3,1390000.0,-23.2228195,-45.9104962,1
Jardim Oriente,124.23,3,1,2,419900.0,-23.2402544,-45.8933781,0
Urbanova VI,124.77,3,2,3,540000.0,-23.2028942,-45.950933,1
Floradas de São José,124.82,3,1,2,585000.0,-23.2200575,-45.8896572,0
Parque Residencial Aquarius,124.39,1,1,2,665000.0,-23.2190993,-45.9082337,0
Jardim Esplanada,124.38,3,2,2,830000.0,-23.1970039,-45.9084535,1
Parque Industrial,124.59,2,1,1,522000.0,-23.2311239,-45.9066157,0
Cidade Vista Verde,124.68,2,1,1,300000.0,-23.1767396,-45.8279302,0
Centro,124.04,3,1,2,425500.0,-23.1909379,-45.886436,0
Parque Industrial,124.1,2,1,1,340000.0,-23.2344627,-45.907685,0
Urbanova,124.67,2,1,2,399901.0,-23.1987975,-45.9352675,0
Jardim das Indústrias,124.78,2,2,2,740000.0,-23.2341234,-45.9256624,1
Jardim Apolo I,124.13,1,1,1,233734.0,-23.1956647,-45.8937347,0
Monte Castelo,124.91,2,2,2,420000.0,-23.1417569,-45.7825794,1
Parque Residencial Aquarius,124.51,3,2,2,1380000.0,-23.2202839,-45.9064383,1
Conjunto Residencial Trinta e Um de Março,124.36,2,1,2,745000.0,-23.2534054,-45.9166353,0
Vila Ema,124.94,3,3,5,1990000.0,-23.2071612,-45.9009565,1
Floradas de São José,124.87,4,2,2,700000.0,-23.2213004,-45.8883248,1
Vila Sanches,124.01,3,2,1,695000.0,-23.2041152,-45.8853984,1
Vila Betânia,124.74,4,2,4,1000000.0,-23.2052682,-45.8881552,1
Jardim Satélite,124.51,2,1,1,378000.0,-23.2264164,-45.8945991,0
Jardim América,124.67,2,1,1,425500.0,-23.2308616,-45.8942314,0
Jardim das Indústrias,124.89,2,2,2,719000.0,-23.2341234,-45.9256624,1
Parque Industrial,124.87,2,1,1,375000.0,-23.2602632,-45.9113258,0
Conjunto Residencial Trinta e Um de Março,124.63,2,1,1,330000.0,-23.2502173,-45.9170663,0
Vila Adyana,124.56,3,2,2,950000.0,-23.2027939,-45.8950075,1
Vila Ema,124.54,3,2,4,1580000.0,-23.2038811,-45.9021055,1
Jardim Veneza,124.59,2,1,2,450000.0,-23.2436303,-45.9132175,0
Parque Industrial,124.77,2,1,2,535000.0,-23.2267306,-45.9036805,0
Condomínio Residencial Colinas do Paratehy,124.85,2,1,2,419900.0,-23.1841579,-45.9547335,0
Condomínio Residencial Colinas do Paratehy,124.49,2,1,2,435000.0,-23.1827844,-45.9503959,0
Floradas de São José,124.16,3,1,2,450000.0,-23.2200324,-45.8872035,0
Palmeiras de São José,124.35,2,1,2,445000.0,-23.2502173,-45.9170663,0
Floradas de São José,124.55,3,1,2,420000.0,-23.2213004,-45.8883248,0
Floradas de São José,124.21,3,2,3,975200.0,-23.2198567,-45.8913555,1
Parque Residencial Flamboyant,124.0,2,1,2,309900.0,-23.214223,-45.851209,0
Vila Ema,124.07,3,2,4,1650000.0,-23.2038811,-45.9021055,1
Jardim Satélite,124.64,2,1,1,350000.0,-23.2324573,-45.8781391,0
Jardim Apolo I,124.51,3,2,2,1150000.0,-23.1956647,-45.8937347,1
Parque Industrial,124.16,2,1,2,535000.0,-23.2267306,-45.9036805,0
Parque Residencial Aquarius,124.42,3,2,4,1698000.0,-23.2221126,-45.9095335,1
Condomínio Residencial Colinas do Paratehy,124.54,2,1,2,450500.0,-23.1841579,-45.9547335,0
Jardim das Indústrias,124.89,3,3,4,1700000.0,-23.2327074,-45.9275569,1
Vila Adyana,124.48,4,0,4,1200000.0,-23.2002824,-45.8940021,0
Parque Industrial,124.29,2,2,2,515000.0,-23.2534054,-45.9166353,1
Jardim das Indústrias,124.69,2,1,2,405651.0,-23.2240746,-45.9180774,0
Parque Residencial Aquarius,124.55,4,2,3,727000.0,-23.2205233,-45.9051222,1
Jardim Satélite,124.95,2,1,1,265000.0,-23.2629313,-45.8910605,0
Jardim São Dimas,124.51,3,2,2,770000.0,-23.195717,-45.8906907,1
Jardim América,124.9,2,1,1,420000.0,-23.2380792,-45.9010799,0
Jardim das Colinas,124.66,4,3,5,2700000.0,-23.2034236,-45.9105214,1
Jardim Oswaldo Cruz,124.22,3,2,2,900000.0,-23.2008318,-45.8830378,1
Jardim Veneza,124.58,2,2,2,600000.0,-23.2409567,-45.914431,1
Vila Ema,124.75,2,3,4,1150000.0,-23.2087038,-45.8998756,1
Vila Ema,124.79,3,2,3,1182092.0,-23.2038811,-45.9021055,1
Jardim Oswaldo Cruz,124.07,2,1,2,530000.0,-23.2008318,-45.8830378,0
Chácaras São José,124.66,2,1,1,272000.0,-23.2094966,-45.8519997,0
Palmeiras de São José,124.02,2,1,1,285000.0,-23.2400181,-45.9134951,0
Jardim América,124.54,3,1,2,380000.0,-23.225225,-45.8971092,0
Vila Guaianazes,124.9,2,1,1,421000.0,-23.2035631,-45.8969895,0
Condomínio Royal Park,124.03,4,2,4,1715839.0,-23.2261461,-45.9074786,1
Vila Betânia,124.44,3,2,3,670000.0,-23.2052682,-45.8881552,1
Palmeiras de São José,124.56,2,1,1,297000.0,-23.2400181,-45.9134951,0
Jardim Portugal,124.88,2,1,2,359904.0,-23.258028,-45.881022,0
Jardim Sul,124.0,2,1,1,270000.0,-23.2505639,-45.8914715,0
Vila Tatetuba,124.09,2,1,1,235000.0,-23.1853312,-45.8543047,0
Monte Castelo,124.67,3,1,2,415000.0,-23.1417569,-45.7825794,0
Urbanova VI,124.37,1,0,1,250000.0,-23.2028942,-45.950933,0
Jardim Estoril,124.15,3,2,2,713000.0,-23.253497,-45.8829921,1
Jardim Esplanada II,124.86,4,2,4,980000.0,-23.2082214,-45.9083253,1
Parque Residencial Aquarius,124.69,3,2,3,960000.0,-23.2202839,-45.9064383,1
Jardim Satélite,124.78,2,1,1,320000.0,-23.2223764,-45.8856605,0
Vila Sanches,124.55,3,2,2,740000.0,-23.2041152,-45.8853984,1
Jardim Aparecida,124.6,2,1,1,320000.0,-23.1961965,-45.8841151,0
Jardim Minas Gerais,124.12,2,1,1,205000.0,-23.1524341,-45.9119804,0
Jardim das Indústrias,124.46,3,2,2,545000.0,-23.2276655,-45.9184689,1
Centro,124.0,3,2,2,450000.0,-23.1909379,-45.886436,1
Jardim Topázio,124.64,3,2,2,371000.0,-23.1961965,-45.8841151,1
Jardim das Indústrias,124.06,2,1,1,385000.0,-23.2341234,-45.9256624,0
Jardim Esplanada II,124.75,3,2,4,2500000.0,-23.2082214,-45.9083253,1
Condomínio Royal Park,124.32,3,2,2,1050000.0,-23.2228195,-45.9104962,1
Jardim Esplanada,124.07,3,2,2,750000.0,-23.1970039,-45.9084535,1
Monte Castelo,124.95,3,1,2,363000.0,-23.1775485,-45.8397078,0
Jardim Apolo I,124.77,4,2,4,999900.0,-23.1956647,-45.8937347,1
Jardim Apolo II,124.54,3,2,2,700000.0,-23.2050581,-45.9048126,1
Jardim Satélite,124.75,3,1,2,449000.0,-23.2296561,-45.8785953,0
Jardim das Indústrias,124.76,3,1,1,750000.0,-23.2341234,-45.9256624,0
Centro,124.63,3,1,2,450000.0,-23.1909379,-45.886436,0
Monte Castelo,124.18,3,2,2,480000.0,-23.1417569,-45.7825794,1
Jardim Aparecida,124.59,2,0,1,340000.0,-23.1961965,-45.8841151,0
Jardim Satélite,124.39,2,1,2,530000.0,-23.2266466,-45.8871058,0
Condomínio Residencial Monaco,124.39,2,1,2,450000.0,-23.1835998,-45.951812,0
Parque Residencial Aquarius,124.73,3,2,3,1650000.0,-23.2221126,-45.9095335,1
Jardim Satélite,124.53,3,2,2,800000.0,-23.2629313,-45.8910605,1
Parque Residencial Aquarius,124.77,1,2,2,1250000.0,-23.2190226,-45.908767,1
Parque Residencial Aquarius,124.82,3,2,3,960000.0,-23.2202839,-45.9064383,1
Parque Residencial Aquarius,124.31,1,1,1,680000.0,-23.2190226,-45.908767,0
Jardim das Indústrias,124.93,3,2,4,1600000.0,-23.2327074,-45.9275569,1
Parque Residencial Aquarius,124.02,3,1,2,650000.0,-23.2216712,-45.9085912,0
Parque Residencial Flamboyant,124.9,2,1,1,280000.0,-23.214223,-45.851209,0
Cidade Morumbi,124.63,2,1,2,420000.0,-23.2499985,-45.9083387,0
Parque Residencial Aquarius,124.57,2,2,2,695000.0,-23.2168256,-45.904412,1
Urbanova,124.78,2,1,2,460000.0,-23.1987975,-45.9352675,0
Parque Residencial Aquarius,124.05,3,2,3,590000.0,-23.2221126,-45.9095335,1
Parque Residencial Aquarius,124.47,3,2,5,1700000.0,-23.2188486,-45.9097772,1
Vila Ema,124.69,3,3,5,1200000.0,-23.2092982,-45.9032947,1
Jardim Oriente,124.23,2,2,2,399900.0,-23.2402544,-45.8933781,1
Floradas de São José,125.0,3,2,2,478000.0,-23.2213004,-45.8883248,1
Jardim Santa Madalena,124.25,2,2,2,790000.0,-23.2043732,-45.8959331,1
Vila Ema,124.84,4,2,5,1450000.0,-23.2087038,-45.8998756,1
Jardim das Colinas,124.16,3,2,4,1041569.0,-23.2067366,-45.9103019,1
Condomínio Royal Park,124.07,3,2,3,1380000.0,-23.2228195,-45.9104962,1
Parque Residencial Aquarius,124.39,3,2,2,680000.0,-23.2154269,-45.908121,1
Parque Residencial Aquarius,124.12,3,1,2,650000.0,-23.2216712,-45.9085912,0
Parque Residencial Flamboyant,124.99,2,1,1,280000.0,-23.214223,-45.851209,0
Cidade Morumbi,124.67,2,1,2,420000.0,-23.2499985,-45.9083387,0
Parque Residencial Aquarius,124.45,2,2,2,695000.0,-23.2168256,-45.904412,1
Urbanova,124.53,2,1,2,460000.0,-23.1987975,-45.9352675,0
Parque Residencial Aquarius,124.62,3,2,3,590000.0,-23.2221126,-45.9095335,1
Jardim Esplanada II,124.64,3,2,4,2500000.0,-23.2082214,-45.9083253,1
Jardim Vale do Sol,124.46,2,1,1,370000.0,-23.2483349,-45.9081992,0
Residencial Frei Galvão,124.33,2,1,1,190000.0,-23.1698499,-45.7893012,0
Jardim Esplanada II,124.16,1,2,1,380000.0,-23.2082214,-45.9083253,1
Jardim Paraíso,124.79,3,1,2,485000.0,-23.237943,-45.9011183,0
Residencial Frei Galvão,124.82,2,1,1,225000.0,-23.1698499,-45.7893012,0
Vila Betânia,124.17,3,2,3,950000.0,-23.2052682,-45.8881552,1
Centro,124.7,4,1,4,1000000.0,-23.2140071,-45.841297,0
Jardim das Indústrias,124.4,2,1,2,375000.0,-23.2240746,-45.9180774,0
Vila Ema,124.99,4,3,4,2660000.0,-23.2057437,-45.9034166,1
Jardim Apolo II,124.14,2,2,1,550000.0,-23.2050581,-45.9048126,1
Parque Industrial,124.59,4,2,4,800000.0,-23.2453896,-45.9090035,1
Jardim Sul,124.88,2,1,1,290000.0,-23.2505639,-45.8914715,0
Jardim Satélite,124.44,3,3,2,640000.0,-23.2161228,-45.8885458,1
Jardim Esplanada,124.77,1,1,1,471226.0,-23.1979166,-45.9113619,0
Jardim Esplanada,124.72,1,1,1,469000.0,-23.1979166,-45.9113619,0
Vila Ema,124.58,3,2,2,500000.0,-23.2092982,-45.9032947,1
Parque Residencial Aquarius,124.68,2,1,2,460000.0,-23.2216712,-45.9085912,0
Jardim América,124.88,2,1,1,400000.0,-23.2307302,-45.8975618,0
Cidade Vista Verde,124.1,2,1,1,300000.0,-23.1757366,-45.8180771,0
Vila Betânia,124.56,3,2,2,650000.0,-23.2052682,-45.8881552,1
Jardim Petrópolis,124.88,2,3,2,430000.0,-23.2415541,-45.9145547,1
Parque Industrial,124.81,4,2,2,700000.0,-23.2534054,-45.9166353,1
Centro,124.04,2,1,2,371000.0,-23.1909379,-45.886436,0
Condomínio Residencial Colinas do Paratehy,124.57,2,1,2,399901.0,-23.1841579,-45.9547335,0
Jardim das Colinas,124.1,4,3,5,2600000.0,-23.2082214,-45.9083253,1
Vila Ema,124.35,3,2,2,1199000.0,-23.2071612,-45.9009565,1
Jardim Maritéia,124.84,2,1,1,280000.0,-23.1504945,-45.9008396,0
Vila Tatetuba,124.75,3,1,2,380000.0,-23.1805844,-45.8471383,0
Parque Residencial Aquarius,124.13,1,1,1,505470.0,-23.2190226,-45.908767,0
Jardim Oswaldo Cruz,124.77,4,4,4,960000.0,-23.2012499,-45.8834841,1
Floradas de São José,124.27,3,1,2,480000.0,-23.2210113,-45.8861064,0
Jardim Satélite,124.2,2,1,2,390000.0,-23.2353431,-45.8919376,0
Jardim Esplanada,124.37,1,1,1,469000.0,-23.1979166,-45.9113619,0
Vila Ema,124.29,3,2,2,500000.0,-23.2092982,-45.9032947,1
Floradas de São José,124.11,4,2,3,692000.0,-23.2210113,-45.8861064,1
Altos do Esplanada,124.32,3,3,5,2400000.0,-23.2127421,-45.9069145,1
Jardim Satélite,124.46,2,1,1,265000.0,-23.2629313,-45.8910605,0
Jardim das Indústrias,124.19,2,1,1,350000.0,-23.2240746,-45.9180774,0
Parque Residencial Aquarius,124.63,2,1,2,598000.0,-23.2202839,-45.9064383,0
Monte Castelo,124.39,2,1,2,318000.0,-23.1839915,-45.8762111,0
Jardim América,124.75,2,1,2,430000.0,-23.2308616,-45.8942314,0
Jardim Satélite,124.3,2,1,2,349000.0,-23.2260246,-45.8795999,0
Parque Residencial Aquarius,124.71,3,2,3,960000.0,-23.2202839,-45.9064383,1
Vila Ema,124.09,3,3,5,1600000.0,-23.2057437,-45.9034166,1
Jardim das Indústrias,124.25,3,2,1,615000.0,-23.2220332,-45.9199542,1
Jardim Oswaldo Cruz,124.11,2,1,1,410000.0,-23.1982391,-45.8827334,0
Jardim Americano,124.97,2,1,1,240000.0,-23.1836107,-45.8043034,0
Monte Castelo,124.41,2,1,1,230000.0,-23.185844,-45.8684832,0
Jardim das Indústrias,124.21,2,1,1,350000.0,-23.2341234,-45.9256624,0
Jardim São Dimas,124.34,3,2,2,960000.0,-23.2032757,-45.8935241,1
Vila Adyana,124.34,3,1,2,721000.0,-23.1982391,-45.8931441,0
Jardim Esplanada,124.32,4,3,3,1090000.0,-23.1979166,-45.9113619,1
Jardim das Indústrias,124.76,4,3,3,1400000.0,-23.2327074,-45.9275569,1
Jardim Oriente,124.75,2,1,1,320000.0,-23.2432353,-45.8932115,0
Condomínio Residencial Colinas do Paratehy,124.94,2,1,2,441975.0,-23.1827844,-45.9503959,0
Jardim Satélite,124.74,3,1,1,550000.0,-23.23324,-45.8887626,0
Vila Ema,124.03,3,2,4,1580000.0,-23.2087038,-45.8998756,1
Jardim Esplanada,124.39,1,1,1,467000.0,-23.1979166,-45.9113619,0
Condomínio Residencial Colinas do Paratehy,124.35,2,1,2,419900.0,-23.1841579,-45.9547335,0
Jardim Apolo I,124.3,1,1,1,237414.0,-23.1956647,-45.8937347,0
Vila Ema,124.56,4,2,3,639000.0,-23.2044684,-45.9010444,1
Vila Adyana,124.64,3,2,2,910000.0,-23.2027939,-45.8950075,1
Jardim das Indústrias,124.44,3,2,2,1230000.0,-23.2341234,-45.9256624,1
Parque Residencial Aquarius,124.14,3,2,2,1650000.0,-23.2221126,-45.9095335,1
Centro,124.55,3,1,2,420000.0,-23.1903996,-45.8891452,0
Jardim Oriente,124.57,2,1,1,320000.0,-23.2432353,-45.8932115,0
Condomínio Residencial Colinas do Paratehy,124.88,2,1,2,441975.0,-23.1827844,-45.9503959,0
Condomínio Royal Park,124.7,2,1,2,600000.0,-23.2244165,-45.9087258,0
Parque Industrial,124.98,2,1,1,372000.0,-23.2602632,-45.9113258,0
Jardim Satélite,124.6,3,1,1,550000.0,-23.23324,-45.8887626,0
Vila Ema,124.36,3,2,4,1580000.0,-23.2087038,-45.8998756,1
Jardim Esplanada,124.4,1,1,1,467000.0,-23.1979166,-45.9113619,0
Condomínio Residencial Colinas do Paratehy,124.78,2,1,2,419900.0,-23.1841579,-45.9547335,0
Vila Ema,125.0,2,2,3,1500000.0,-23.2092982,-45.9032947,1
Bosque dos Eucaliptos,124.9,4,2,3,954000.0,-23.2629313,-45.8910605,1
Parque Residencial Aquarius,124.77,3,2,2,1650000.0,-23.2221126,-45.9095335,1
Jardim Petrópolis,124.1,3,2,1,720000.0,-23.2426379,-45.9152427,1
Jardim Paraíso do Sol,124.92,2,1,1,235000.0,-23.1836107,-45.8043034,0
Vila Ema,124.83,2,1,2,615201.0,-23.2092982,-45.9032947,0
Vila Adyana,124.32,3,1,2,490000.0,-23.1982391,-45.8931441,0
Vila Ema,124.53,4,3,3,1290000.0,-23.2028182,-45.9003141,1
Condomínio Royal Park,124.74,2,1,1,860000.0,-23.2234015,-45.9108105,0
Floradas de São José,124.58,3,1,1,424000.0,-23.2210113,-45.8861064,0
Jardim Alvorada,124.52,3,2,3,1050000.0,-23.2153165,-45.9095676,1
Jardim Nova Michigan,124.71,2,1,1,182000.0,-23.1982095,-45.7950202,0
Vila Ema,124.94,3,2,5,1540000.0,-23.2071612,-45.9009565,1
Parque Residencial Aquarius,124.12,4,3,6,1699000.0,-23.2151853,-45.9090412,1
Jardim das Indústrias,124.56,4,3,3,1400000.0,-23.2327074,-45.9275569,1
Condomínio Residencial Colinas do Paratehy,124.92,2,1,2,419900.0,-23.1843507,-45.9497004,0
Jardim Oswaldo Cruz,124.54,2,1,2,520000.0,-23.2008318,-45.8830378,0
Jardim São Dimas,124.38,3,1,3,550000.0,-23.2032757,-45.8935241,0
Jardim das Colinas,124.36,3,1,1,670000.0,-23.1985042,-45.9128647,0
Vila Adyana,124.83,3,2,2,851000.0,-23.2027939,-45.8950075,1
Parque Residencial Aquarius,124.25,2,2,2,690000.0,-23.2168256,-45.904412,1
Parque Residencial Flamboyant,124.71,2,1,2,340000.0,-23.2183721,-45.8486469,0
Monte Castelo,124.27,3,1,1,426000.0,-23.1417569,-45.7825794,0
Centro,125.0,4,2,2,970000.0,-23.1921333,-45.8926102,1
Parque Residencial Aquarius,124.81,4,5,5,4800000.0,-23.2170569,-45.9088967,1
Vila Betânia,124.26,3,2,2,725000.0,-23.2052682,-45.8881552,1
Jardim Bela Vista,124.85,2,1,2,425000.0,-23.1835214,-45.8878957,0
Jardim Apolo II,124.27,2,2,1,555000.0,-23.2050581,-45.9048126,1
Floradas de São José,124.04,3,1,2,410000.0,-23.2200324,-45.8872035,0
Bom Retiro,124.63,2,1,1,180000.0,-23.20709,-45.7395683,0
Vila Adyana,124.84,3,1,2,435000.0,-23.2002824,-45.8940021,0
Jardim Souto,124.81,3,2,1,520000.0,-23.2021984,-45.8610226,1
Monte Castelo,124.93,3,0,2,480000.0,-23.1863226,-45.868883,0
Jardim Esplanada,124.73,4,2,4,2067000.0,-23.1979166,-45.9113619,1
Jardim das Indústrias,124.38,3,2,3,990000.0,-23.2341234,-45.9256624,1
Jardim das Indústrias,124.64,3,3,3,1350000.0,-23.2327074,-45.9275569,1
Vila Iracema,124.23,2,1,1,230000.0,-23.2505934,-45.8275902,0
Parque Residencial Flamboyant,124.23,2,1,2,351000.0,-23.2183721,-45.8486469,0
Jardim Paraíso,124.2,3,1,2,465000.0,-23.237943,-45.9011183,0
Vila Industrial,124.56,3,1,2,370390.0,-23.176123,-45.8595635,0
Jardim Augusta,124.32,2,1,1,382000.0,-23.1966424,-45.8804728,0
Vila Ema,124.48,3,2,4,1665000.0,-23.2058824,-45.9025149,1
Vila Ema,124.89,3,2,3,1199000.0,-23.2071612,-45.9009565,1
Vila Sanches,124.55,3,1,2,470000.0,-23.2041152,-45.8853984,0
Jardim das Indústrias,124.03,3,3,5,1275000.0,-23.2327074,-45.9275569,1
Parque Residencial Aquarius,124.74,3,2,2,1060000.0,-23.2202839,-45.9064383,1
Jardim Satélite,124.32,2,1,1,265000.0,-23.2629313,-45.8910605,0
Monte Castelo,124.07,3,1,2,510000.0,-23.1775485,-45.8397078,0
Parque Residencial Aquarius,124.45,5,3,6,2050000.0,-23.2157422,-45.9060993,1
Jardim Oriente,124.25,2,1,2,369900.0,-23.2402544,-45.8933781,0
Parque Residencial Aquarius,124.16,3,2,2,820000.0,-23.221044,-45.909243,1
Jardim Aquárius,124.1,3,2,2,750000.0,-23.2092982,-45.9032947,1
Parque Residencial Aquarius,124.3,3,3,5,1380000.0,-23.2221126,-45.9095335,1
Jardim América,124.95,3,2,2,580000.0,-23.2265205,-45.8968879,1
Jardim Augusta,124.79,2,2,2,580000.0,-23.1976423,-45.8819124,1
Vila Adyana,124.27,4,3,1,773000.0,-23.1968045,-45.8943248,1
Jardim das Colinas,124.4,3,2,3,1133800.0,-23.2034236,-45.9105214,1
Condomínio Royal Park,124.02,2,2,2,945000.0,-23.2228195,-45.9104962,1
Parque Industrial,124.73,2,1,1,450000.0,-23.2534054,-45.9166353,0
Jardim Ismênia,124.82,2,1,2,352000.0,-23.1772026,-45.8450329,0
Jardim Oswaldo Cruz,124.27,2,1,1,480000.0,-23.2004399,-45.8826047,0
Conjunto Residencial Trinta e Um de Março,124.37,3,2,2,850000.0,-23.2461706,-45.9154222,1
Jardim São Dimas,124.93,1,1,1,315000.0,-23.2032757,-45.8935241,0
Conjunto Residencial Trinta e Um de Março,124.13,2,1,2,750000.0,-23.2534054,-45.9166353,0
Conjunto Residencial Trinta e Um de Março,124.6,2,2,2,710000.0,-23.2534054,-45.9166353,1
Vila Ema,124.11,3,3,2,710000.0,-23.2092982,-45.9032947,1
Vila Industrial,124.16,2,1,1,195000.0,-23.1775485,-45.8397078,0
Parque Industrial,124.73,2,1,2,660000.0,-23.2341477,-45.9050416,0
Floradas de São José,124.57,2,2,2,425000.0,-23.2213004,-45.8883248,1
Jardim São Dimas,124.11,3,2,2,640000.0,-23.1944997,-45.8856908,1
Vila Industrial,124.54,2,1,2,429556.0,-23.178166,-45.8593723,0
Jardim Satélite,124.36,2,0,1,277000.0,-23.2629313,-45.8910605,0
Jardim Paraíso do Sol,124.39,2,1,1,243800.0,-23.1836107,-45.8043034,0
Floradas de São José,124.14,2,1,2,400000.0,-23.2210113,-45.8861064,0
Vila Ema,124.7,4,2,3,1300000.0,-23.2071612,-45.9009565,1
Altos do Esplanada,124.8,3,3,5,2400000.0,-23.2127421,-45.9069145,1
Jardim Apolo I,124.68,2,2,2,955000.0,-23.1956647,-45.8937347,1
Jardim Sul,124.19,2,1,1,325000.0,-23.2505639,-45.8914715,0
Vila Ema,124.0,2,1,1,500000.0,-23.2028182,-45.9003141,0
Jardim Augusta,124.53,3,2,2,800000.0,-23.1976423,-45.8819124,1
Parque Residencial Aquarius,124.32,3,2,4,2200000.0,-23.2170569,-45.9088967,1
Jardim América,124.11,3,1,2,430000.0,-23.2499985,-45.9083387,0
Jardim das Indústrias,124.12,3,3,4,1700000.0,-23.2327074,-45.9275569,1
Jardim Fátima,124.88,2,2,3,1100000.0,-23.2078926,-45.8966025,1
Parque Industrial,124.67,2,1,1,230000.0,-23.2253021,-45.9016713,0
Parque Residencial Aquarius,124.22,2,2,2,750000.0,-23.215405,-45.9074207,1
Jardim Apolo II,124.6,2,2,1,590000.0,-23.2050581,-45.9048126,1
Parque Industrial,124.02,2,1,1,525000.0,-23.2267306,-45.9036805,0
Jardim das Indústrias,124.77,3,2,2,585000.0,-23.2247129,-45.9052256,1
Condomínio Residencial Colinas do Paratehy,124.71,2,1,2,375000.0,-23.1843507,-45.9497004,0
Jardim Satélite,124.47,3,1,4,765000.0,-23.2629313,-45.8910605,0
Parque Residencial Aquarius,124.56,4,3,6,1699000.0,-23.2151853,-45.9090412,1
Centro,124.39,2,1,1,380000.0,-23.1835214,-45.8878957,0
Jardim Terras do Sul,124.68,2,1,1,320000.0,-23.2466231,-45.8948605,0
Jardim Paraíso,124.19,2,1,2,515000.0,-23.2361199,-45.9026307,0
Vila Industrial,124.71,2,1,1,190000.0,-23.1775485,-45.8397078,0
Vila Alexandrina,124.87,3,2,2,580000.0,-23.1624499,-45.8939949,1
Jardim das Indústrias,124.44,2,2,2,880000.0,-23.2341234,-45.9256624,1
Jardim Oswaldo Cruz,124.71,3,2,2,670000.0,-23.2008318,-45.8830378,1
Jardim das Indústrias,124.47,2,2,3,890000.0,-23.2341234,-45.9256624,1
Jardim Esplanada,124.9,1,1,1,471226.0,-23.1979166,-45.9113619,0
Jardim Veneza,124.38,2,2,2,680000.0,-23.2409567,-45.914431,1
Vila Adyana,124.77,3,2,2,900000.0,-23.2027939,-45.8950075,1
Vila Maria,124.08,2,1,1,360000.0,-23.1780209,-45.8803006,0
Jardim São Dimas,124.55,3,1,1,520000.0,-23.2043397,-45.8882488,0
Jardim Aparecida,124.11,3,2,1,640000.0,-23.1961965,-45.8841151,1
Palmeiras de São José,124.25,3,2,2,640000.0,-23.2400181,-45.9134951,1
Jardim Satélite,124.32,3,1,1,450000.0,-23.23324,-45.8887626,0
Jardim das Indústrias,124.94,3,2,3,1190000.0,-23.2341234,-45.9256624,1
Jardim Esplanada,124.7,4,2,4,990000.0,-23.1979166,-45.9113619,1
Jardim Oriente,124.84,3,2,2,419900.0,-23.2402544,-45.8933781,1
Jardim Bela Vista,124.38,3,1,2,380000.0,-23.1750798,-45.8859774,0
Parque Industrial,124.88,2,1,1,230000.0,-23.2253021,-45.9016713,0
Parque Residencial Aquarius,124.18,3,3,3,1200000.0,-23.2221126,-45.9095335,1
Parque Residencial Aquarius,124.5,3,2,3,590000.0,-23.2221126,-45.9095335,1
Vila Ema,124.56,3,3,2,710000.0,-23.2092982,-45.9032947,1
Jardim das Indústrias,124.02,3,2,3,1250000.0,-23.2327074,-45.9275569,1
Parque Residencial Aquarius,124.14,5,3,6,2050000.0,-23.2157422,-45.9060993,1
Vila Adyana,124.8,4,0,4,1200000.0,-23.2002824,-45.8940021,0
Vila Industrial,124.89,2,1,1,265000.0,-23.1754125,-45.8567745,0
Jardim Oswaldo Cruz,124.82,2,1,1,520000.0,-23.2008318,-45.8830378,0
Residencial Bosque dos Ipês,124.62,2,1,1,299900.0,-23.260462,-45.8971935,0
Jardim Satélite,124.68,3,2,2,600000.0,-23.2161228,-45.8885458,1
Jardim Paraíso,124.68,2,1,2,389000.0,-23.237943,-45.9011183,0
Jardim Nova América,124.1,2,1,1,313000.0,-23.1939714,-45.8981587,0
Vila Iracema,124.24,2,1,1,195000.0,-23.2505934,-45.8275902,0
Condomínio Residencial Colinas do Paratehy,124.77,3,2,2,450000.0,-23.1827844,-45.9503959,1
Palmeiras de São José,124.11,2,1,2,584390.0,-23.2400181,-45.9134951,0
Palmeiras de São José,124.49,2,1,2,375000.0,-23.2400181,-45.9134951,0
Residencial Frei Galvão,124.39,2,1,1,180000.0,-23.1698499,-45.7893012,0
Floradas de São José,124.21,3,1,2,371000.0,-23.2213004,-45.8883248,0
Centro,124.8,1,0,1,370000.0,-23.1921333,-45.8926102,0
Jardim Oswaldo Cruz,124.73,2,1,1,505000.0,-23.2008318,-45.8830378,0
Parque Residencial Aquarius,124.86,2,2,2,798000.0,-23.2151853,-45.9090412,1
Conjunto Residencial Trinta e Um de Março,124.53,2,1,2,550000.0,-23.2534054,-45.9166353,0
Bosque dos Eucaliptos,124.33,4,2,3,660000.0,-23.2629313,-45.8910605,1
Parque Residencial Aquarius,124.09,3,2,3,960000.0,-23.2202839,-45.9064383,1
Jardim São José II,124.35,2,1,1,160000.0,-23.1745967,-45.7865609,0
Alto da Ponte,124.22,2,1,1,195000.0,-23.1534653,-45.9029443,0
Vila Ema,124.64,1,2,1,745000.0,-23.2092982,-45.9032947,1
Parque Residencial Aquarius,124.24,2,1,2,800000.0,-23.2202839,-45.9064383,0
Jardim das Indústrias,124.52,3,2,2,489846.0,-23.2341234,-45.9256624,1
Jardim América,124.38,3,1,2,465000.0,-23.2499985,-45.9083387,0
Vila Ema,124.72,3,2,4,1422000.0,-23.2087038,-45.8998756,1
Jardim Estoril,124.29,3,2,2,700000.0,-23.253497,-45.8829921,1
Jardim das Colinas,124.89,4,3,5,2600000.0,-23.2082214,-45.9083253,1
Jardim Topázio,124.53,3,2,2,372000.0,-23.1961965,-45.8841151,1
Centro,124.77,1,1,1,360000.0,-23.1921333,-45.8926102,0
Parque Residencial Aquarius,124.6,4,2,1,658000.0,-23.2205233,-45.9051222,1
Parque Residencial Aquarius,124.7,3,2,3,960000.0,-23.2153165,-45.9095676,1
Parque Residencial Flamboyant,124.36,3,1,2,371000.0,-23.214223,-45.851209,0
Jardim das Indústrias,124.15,2,1,1,360000.0,-23.2240746,-45.9180774,0
Jardim Apolo I,124.97,1,1,1,237414.0,-23.1956647,-45.8937347,0
Loteamento Urbanova II,124.87,2,1,2,580000.0,-23.2013346,-45.9462429,0
Jardim São Dimas,124.96,3,1,1,450000.0,-23.197075,-45.8888198,0
Vila Ema,124.42,2,2,2,515000.0,-23.2092982,-45.9032947,1
Floradas de São José,124.24,3,0,1,460000.0,-23.2200324,-45.8872035,0
Vila Rangel,124.1,2,1,1,200000.0,-23.1579879,-45.8933432,0
Jardim Bela Vista,124.69,2,1,2,356000.0,-23.1772014,-45.8853048,0
Vila Adyana,124.93,3,1,1,550000.0,-23.195438,-45.8943621,0
Vila Ema,124.42,2,2,1,904945.0,-23.2038811,-45.9021055,1
Jardim San Marino,124.96,2,1,2,365000.0,-23.2285629,-45.8969811,0
Jardim das Colinas,124.64,4,3,6,3250000.0,-23.2082214,-45.9083253,1
Condomínio Royal Park,124.71,4,2,4,1715839.0,-23.2261461,-45.9074786,1
Jardim das Indústrias,124.57,3,3,3,1430000.0,-23.2327074,-45.9275569,1
Jardim San Marino,124.37,2,1,2,365000.0,-23.2285629,-45.8969811,0
Jardim América,124.96,2,1,2,385000.0,-23.2319718,-45.8942925,0
Monte Castelo,124.86,1,1,1,293000.0,-23.1775485,-45.8397078,0
Jardim das Indústrias,124.48,3,1,2,615000.0,-23.2220332,-45.9199542,0
Jardim Satélite,124.8,3,2,2,429900.0,-23.2629313,-45.8910605,1
Vila Ema,124.1,3,2,3,890000.0,-23.2071612,-45.9009565,1
Jardim Satélite,124.65,1,1,1,286200.0,-23.2223764,-45.8856605,0
Jardim das Indústrias,124.9,2,1,1,350000.0,-23.2240746,-45.9180774,0
Parque Industrial,124.76,2,2,1,611000.0,-23.2311239,-45.9066157,1
Jardim São Dimas,124.15,1,1,1,300000.0,-23.2034889,-45.8845846,0
Jardim das Indústrias,124.61,3,6,1,361000.0,-23.2327074,-45.9275569,1
Jardim Apolo I,124.93,2,1,2,400000.0,-23.1956647,-45.8937347,0
Vila Ema,124.72,4,4,4,1969000.0,-23.2071612,-45.9009565,1
Jardim Esplanada,124.85,2,1,1,460000.0,-23.202293,-45.906894,0
Vila Industrial,124.81,2,1,2,335001.0,-23.176123,-45.8595635,0
Jardim São Dimas,124.23,3,1,2,430000.0,-23.1970974,-45.8881419,0
Vila Ema,124.5,2,2,2,816573.0,-23.2038811,-45.9021055,1
Floradas de São José,124.12,3,1,2,350000.0,-23.2213004,-45.8883248,0
Vila Rangel,124.12,2,1,2,360000.0,-23.159038,-45.8933258,0
Vila Adyana,124.68,1,1,1,373000.0,-23.1968045,-45.8943248,0
Jardim Oriente,124.19,2,1,1,340000.0,-23.2432353,-45.8932115,0
Vila Ema,124.52,4,2,5,1450000.0,-23.2087038,-45.8998756,1
Bosque dos Eucaliptos,124.62,2,1,1,235000.0,-23.2645046,-45.8897409,0
Centro,124.35,2,1,2,360000.0,-23.1911762,-45.890048,0
Jardim América,124.6,2,1,1,370000.0,-23.2345204,-45.9005088,0
Bosque dos Eucaliptos,124.7,2,1,1,220000.0,-23.2662638,-45.8865331,0
Vila Adyana,124.76,1,1,1,360000.0,-23.1968045,-45.8943248,0
Parque Residencial Aquarius,124.7,1,1,2,750000.0,-23.2157422,-45.9060993,0
Parque Residencial Aquarius,124.54,2,1,1,590000.0,-23.2206945,-45.9101028,0
Jardim Nova Michigan,124.56,2,2,1,175000.0,-23.1873359,-45.7967809,1
Vila Adyana,124.86,3,1,2,795000.0,-23.2029298,-45.8920947,0
Jardim Esplanada,124.62,4,3,4,3400000.0,-23.1970039,-45.9084535,1
Parque Nova Esperança,124.02,2,1,1,190000.0,-23.198815,-45.7895881,0
Floradas de São José,124.23,3,1,2,530000.0,-23.2200575,-45.8896572,0
Jardim Petrópolis,124.57,3,2,2,760000.0,-23.2426379,-45.9152427,1
Parque Residencial Aquarius,124.88,4,4,5,2800000.0,-23.2170569,-45.9088967,1
Jardim São Dimas,124.27,3,1,1,450000.0,-23.197075,-45.8888198,0
Bosque dos Eucaliptos,124.51,2,2,2,739000.0,-23.2629313,-45.8910605,1
Vila Rubi,124.72,4,2,4,950000.0,-23.20281,-45.8926001,1
Jardim Augusta,124.76,3,4,4,1100000.0,-23.1976423,-45.8819124,1
Parque Residencial Aquarius,124.66,3,2,3,1550000.0,-23.2221126,-45.9095335,1
Condomínio Residencial Colinas do Paratehy,124.23,3,2,3,795000.0,-23.1841579,-45.9547335,1
Jardim das Indústrias,124.74,3,2,2,1220000.0,-23.2341234,-45.9256624,1
Cidade Morumbi,124.2,2,1,1,250000.0,-23.2434773,-45.9058528,0
Palmeiras de São José,124.73,2,1,2,450000.0,-23.2400181,-45.9134951,0
Jardim Veneza,124.58,2,2,1,650000.0,-23.2534054,-45.9166353,1
Vila Iracema,124.44,2,1,1,200000.0,-23.2505934,-45.8275902,0
Vila Betânia,124.22,3,2,3,890000.0,-23.2081295,-45.8916807,1
Palmeiras de São José,124.88,2,1,1,299000.0,-23.2342151,-45.912516,0
Jardim Satélite,124.04,2,2,2,415000.0,-23.2202195,-45.8937188,1
Jardim América,124.5,2,1,1,230000.0,-23.2265205,-45.8968879,0
Jardim Satélite,124.77,3,2,2,700000.0,-23.2296561,-45.8785953,1
Jardim São Dimas,124.67,2,1,1,282000.0,-23.2034889,-45.8845846,0
Condomínio Royal Park,124.06,3,2,3,955000.0,-23.2228195,-45.9104962,1
Condomínio Residencial Colinas do Paratehy,124.95,3,2,2,595000.0,-23.1841579,-45.9547335,1
Altos do Esplanada,124.61,3,3,5,2300000.0,-23.2127421,-45.9069145,1
Jardim São Dimas,124.07,2,1,1,282000.0,-23.2034889,-45.8845846,0
Vila Rossi,124.48,2,1,1,190000.0,-23.1676853,-45.8939214,0
Jardim das Indústrias,124.18,2,1,1,330000.0,-23.2341234,-45.9256624,0
Floradas de São José,124.68,3,2,1,720000.0,-23.2213004,-45.8883248,1
Jardim Esplanada II,124.12,3,2,3,1700000.0,-23.2082214,-45.9083253,1
Jardim Satélite,124.29,2,1,1,371000.0,-23.2227325,-45.8949678,0
Conjunto Residencial Trinta e Um de Março,124.46,3,1,2,415000.0,-23.2534054,-45.9166353,0
Residencial Frei Galvão,124.36,2,1,1,180200.0,-23.1698499,-45.7893012,0
Jardim Apolo II,124.73,3,2,2,700000.0,-23.2050581,-45.9048126,1
Vila Sanches,124.08,1,1,1,478001.0,-23.2041152,-45.8853984,0
Conjunto Residencial Trinta e Um de Março,124.1,2,1,2,600000.0,-23.2534054,-45.9166353,0
Jardim Esplanada II,124.96,3,2,3,1150000.0,-23.2082214,-45.9083253,1
Parque Residencial Aquarius,124.34,4,3,6,1699000.0,-23.2151853,-45.9090412,1
Loteamento Urbanova II,124.33,2,1,2,580000.0,-23.2013346,-45.9462429,0
Jardim Satélite,124.1,3,1,2,350000.0,-23.2223764,-45.8856605,0
Palmeiras de São José,124.61,2,1,1,295000.0,-23.2502173,-45.9170663,0
Jardim Apolo II,124.89,3,2,2,718000.0,-23.2050581,-45.9048126,1
Jardim das Indústrias,124.78,3,3,3,1430000.0,-23.2327074,-45.9275569,1
Vila Ema,124.25,3,2,4,1650000.0,-23.2038811,-45.9021055,1
Parque Residencial Aquarius,124.53,3,2,2,990000.0,-23.221044,-45.909243,1
Jardim Veneza,124.91,2,1,1,240000.0,-23.2409567,-45.914431,0
Jardim Satélite,124.75,3,2,2,555000.0,-23.2161228,-45.8885458,1
Condomínio Royal Park,124.39,3,1,2,910000.0,-23.2228195,-45.9104962,0
Condomínio Royal Park,124.68,2,1,2,680000.0,-23.2244165,-45.9087258,0
Jardim Esplanada II,124.72,3,2,3,2500000.0,-23.2082214,-45.9083253,1
Vila Ema,124.65,2,2,2,816573.0,-23.2038811,-45.9021055,1
Floradas de São José,124.97,3,1,2,345000.0,-23.2213004,-45.8883248,0
Chácara dos Eucalíptos,124.46,2,1,2,240000.0,-23.1678517,-45.8357389,0
Urbanova VI,124.82,1,1,1,260000.0,-23.2028942,-45.950933,0
Parque Residencial Aquarius,124.27,3,2,3,1550000.0,-23.2221126,-45.9095335,1
Jardim Esplanada,124.84,1,1,1,456000.0,-23.1979166,-45.9113619,0
Floradas de São José,124.21,3,1,2,370000.0,-23.2213004,-45.8883248,0
Parque Residencial Aquarius,124.31,3,2,1,850000.0,-23.2174699,-45.9045629,1
Jardim América,124.76,3,2,1,400000.0,-23.2499985,-45.9083387,1
Monte Castelo,124.97,2,2,2,385000.0,-23.1417569,-45.7825794,1
Jardim Bela Vista,124.52,2,1,1,297000.0,-23.0784079,-44.961914,0
Altos do Esplanada,124.35,3,3,3,2850000.0,-23.2127421,-45.9069145,1
Jardim Satélite,124.3,3,2,2,521900.0,-23.2161228,-45.8885458,1
Parque Residencial Aquarius,124.09,5,3,6,2050000.0,-23.2157422,-45.9060993,1
Conjunto Residencial Trinta e Um de Março,124.64,2,1,1,240000.0,-23.2349354,-45.9160047,0
Jardim Santa Madalena,124.01,2,2,2,800000.0,-23.2043732,-45.8959331,1
Parque Industrial,124.49,2,2,2,531832.0,-23.2311239,-45.9066157,1
Jardim Oswaldo Cruz,124.86,2,1,2,640000.0,-23.1982391,-45.8827334,0
Parque Industrial,124.13,2,1,1,351450.0,-23.2602632,-45.9113258,0
Parque Residencial Aquarius,124.54,2,2,3,1700000.0,-23.2190993,-45.9082337,1
Parque Residencial Aquarius,124.16,3,2,3,1650000.0,-23.2221126,-45.9095335,1
Condomínio Residencial Colinas do Paratehy,124.43,3,2,2,595000.0,-23.1841579,-45.9547335,1
Jardim São Dimas,124.38,1,1,1,269000.0,-23.2007671,-45.8882887,0
Palmeiras de São José,124.03,2,1,1,299000.0,-23.2400181,-45.9134951,0
Cidade Vista Verde,124.87,3,2,2,380000.0,-23.1767396,-45.8279302,1
Jardim Oswaldo Cruz,124.09,2,1,2,640000.0,-23.1982391,-45.8827334,0
Jardim Torrão de Ouro,124.0,2,1,1,200000.0,-23.2710602,-45.8625975,0
Parque Residencial Aquarius,124.67,3,2,2,1650000.0,-23.2221126,-45.9095335,1
Condomínio Royal Park,124.71,2,2,1,900000.0,-23.2228195,-45.9104962,1
Vila Ema,124.95,3,2,4,1350000.0,-23.2071612,-45.9009565,1
Jardim Satélite,124.59,2,2,2,487000.0,-23.2202195,-45.8937188,1
Jardim Esplanada,124.49,3,2,1,890000.0,-23.1970039,-45.9084535,1
Jardim Satélite,124.67,2,2,2,450000.0,-23.2202195,-45.8937188,1
Parque Industrial,124.56,2,1,1,234000.0,-23.2253021,-45.9016713,0
Jardim das Colinas,124.21,3,2,2,540000.0,-23.1985042,-45.9128647,1
Vila Ema,124.01,3,2,3,750000.0,-23.2071612,-45.9009565,1
Jardim Satélite,124.6,3,2,2,521900.0,-23.2161228,-45.8885458,1
Bosque dos Eucaliptos,124.82,3,2,2,795000.0,-23.2629313,-45.8910605,1
Jardim das Colinas,124.11,4,3,5,2600000.0,-23.2082214,-45.9083253,1
Parque Residencial Aquarius,124.0,3,1,2,650000.0,-23.2216712,-45.9085912,0
Jardim Santa Inês III,124.79,2,1,1,215000.0,-23.1715281,-45.7891455,0
Jardim das Colinas,124.72,2,2,2,744000.0,-23.1985042,-45.9128647,1
Jardim Torrão de Ouro,124.3,2,1,2,215000.0,-23.2721017,-45.8642725,0
Jardim São Dimas,124.54,3,1,2,578000.0,-23.1970974,-45.8881419,0
Centro,124.28,2,1,1,390000.0,-23.1909379,-45.886436,0
